{"v":"5.7.4","fr":29.9700012207031,"ip":0,"op":90.0000036657751,"w":320,"h":568,"nm":"Comp 1","ddd":0,"assets":[],"layers":[{"ddd":0,"ind":1,"ty":4,"nm":"колес2 Outlines","sr":1,"ks":{"o":{"a":0,"k":100,"ix":11},"r":{"a":1,"k":[{"i":{"x":[0.833],"y":[1]},"o":{"x":[0.167],"y":[0]},"t":0,"s":[0]},{"i":{"x":[0.833],"y":[1]},"o":{"x":[0.333],"y":[0]},"t":40,"s":[360]},{"t":80.0000032584668,"s":[0]}],"ix":10},"p":{"a":1,"k":[{"i":{"x":0.833,"y":0.833},"o":{"x":0.297,"y":0.297},"t":0,"s":[157,277,0],"to":[0,0,0],"ti":[0,0,0]},{"i":{"x":0.833,"y":1},"o":{"x":0.297,"y":0},"t":20,"s":[157,277,0],"to":[0,0,0],"ti":[0,0,0]},{"i":{"x":0.833,"y":1},"o":{"x":0.297,"y":0},"t":30,"s":[157,257,0],"to":[0,0,0],"ti":[0,0,0]},{"i":{"x":0.833,"y":1},"o":{"x":0.297,"y":0},"t":40,"s":[157,277,0],"to":[0,0,0],"ti":[0,0,0]},{"t":80.0000032584668,"s":[57,277,0]}],"ix":2,"l":2},"a":{"a":0,"k":[30,30,0],"ix":1,"l":2},"s":{"a":0,"k":[100,100,100],"ix":6,"l":2}},"ao":0,"shapes":[{"ty":"gr","it":[{"ind":0,"ty":"sh","ix":1,"ks":{"a":0,"k":{"i":[[0,0],[1.88,0.787],[0,0],[-0.007,0],[-0.058,-0.108],[0,0],[2.034,0.001]],"o":[[-2.039,-0.001],[0,0],[0.058,-0.086],[0.007,0],[0,0],[-1.875,0.789],[0,0]],"v":[[0.004,5.357],[-5.934,4.163],[-0.105,-5.25],[0.004,-5.358],[0.111,-5.25],[5.934,4.163],[0.01,5.357]],"c":true},"ix":2},"nm":"Path 1","mn":"ADBE Vector Shape - Group","hd":false},{"ty":"fl","c":{"a":0,"k":[0.447000002394,0.477999997606,0.545000023935,1],"ix":4},"o":{"a":0,"k":100,"ix":5},"r":1,"bm":0,"nm":"Fill 1","mn":"ADBE Vector Graphic - Fill","hd":false},{"ty":"tr","p":{"a":0,"k":[29.996,39.93],"ix":2},"a":{"a":0,"k":[0,0],"ix":1},"s":{"a":0,"k":[100,100],"ix":3},"r":{"a":0,"k":0,"ix":6},"o":{"a":0,"k":100,"ix":7},"sk":{"a":0,"k":0,"ix":4},"sa":{"a":0,"k":0,"ix":5},"nm":"Transform"}],"nm":"Group 1","np":2,"cix":2,"bm":0,"ix":1,"mn":"ADBE Vector Group","hd":false},{"ty":"gr","it":[{"ind":0,"ty":"sh","ix":1,"ks":{"a":0,"k":{"i":[[0,0],[1.88,0.787],[0,0],[-0.007,0],[-0.058,-0.108],[0,0],[2.034,0.001]],"o":[[-2.039,-0.001],[0,0],[0.058,-0.086],[0.007,0],[0,0],[-1.875,0.789],[0,0]],"v":[[-0.007,4.298],[-5.944,3.104],[-0.115,-6.31],[-0.007,-6.418],[0.101,-6.31],[5.923,3.104],[0,4.298]],"c":true},"ix":2},"nm":"Path 1","mn":"ADBE Vector Shape - Group","hd":false},{"ind":1,"ty":"sh","ix":2,"ks":{"a":0,"k":{"i":[[0,0],[0.127,0.076],[0.148,0],[0.127,-0.077],[0.07,-0.131],[0,0],[0.02,-0.15],[-0.045,-0.144],[-0.101,-0.106],[-0.136,-0.054],[-4.325,1.784],[-0.103,0.11],[-0.045,0.144],[0.021,0.149],[0.084,0.125]],"o":[[-0.069,-0.131],[-0.127,-0.077],[-0.148,0],[-0.127,0.076],[0,0],[-0.082,0.128],[-0.02,0.15],[0.047,0.139],[0.101,0.108],[4.326,1.784],[0.139,-0.054],[0.103,-0.109],[0.045,-0.142],[-0.022,-0.148],[0,0]],"v":[[0.713,-6.676],[0.413,-6.993],[-0.007,-7.111],[-0.427,-6.993],[-0.727,-6.676],[-7.224,3.837],[-7.379,4.26],[-7.34,4.708],[-7.116,5.081],[-6.757,5.327],[6.75,5.327],[7.118,5.077],[7.342,4.693],[7.378,4.251],[7.218,3.837]],"c":true},"ix":2},"nm":"Path 2","mn":"ADBE Vector Shape - Group","hd":false},{"ty":"mm","mm":1,"nm":"Merge Paths 1","mn":"ADBE Vector Filter - Merge","hd":false},{"ty":"fl","c":{"a":0,"k":[0.447000002394,0.477999997606,0.545000023935,1],"ix":4},"o":{"a":0,"k":100,"ix":5},"r":1,"bm":0,"nm":"Fill 1","mn":"ADBE Vector Graphic - Fill","hd":false},{"ty":"tr","p":{"a":0,"k":[30.007,40.99],"ix":2},"a":{"a":0,"k":[0,0],"ix":1},"s":{"a":0,"k":[100,100],"ix":3},"r":{"a":0,"k":0,"ix":6},"o":{"a":0,"k":100,"ix":7},"sk":{"a":0,"k":0,"ix":4},"sa":{"a":0,"k":0,"ix":5},"nm":"Transform"}],"nm":"Group 2","np":4,"cix":2,"bm":0,"ix":2,"mn":"ADBE Vector Group","hd":false},{"ty":"gr","it":[{"ind":0,"ty":"sh","ix":1,"ks":{"a":0,"k":{"i":[[2.426,-2.802],[0,0],[-0.006,0.007],[-0.13,0.021],[0,0],[0,-0.411]],"o":[[0,0],[-0.058,-0.065],[0.007,-0.008],[0,0],[0.036,0.403],[0.003,3.705]],"v":[[1.736,5.657],[-5.424,-2.799],[-5.49,-2.928],[-5.359,-3.001],[5.434,-5.656],[5.493,-4.432]],"c":true},"ix":2},"nm":"Path 1","mn":"ADBE Vector Shape - Group","hd":false},{"ty":"fl","c":{"a":0,"k":[0.447000002394,0.477999997606,0.545000023935,1],"ix":4},"o":{"a":0,"k":100,"ix":5},"r":1,"bm":0,"nm":"Fill 1","mn":"ADBE Vector Graphic - Fill","hd":false},{"ty":"tr","p":{"a":0,"k":[39.943,34.278],"ix":2},"a":{"a":0,"k":[0,0],"ix":1},"s":{"a":0,"k":[100,100],"ix":3},"r":{"a":0,"k":0,"ix":6},"o":{"a":0,"k":100,"ix":7},"sk":{"a":0,"k":0,"ix":4},"sa":{"a":0,"k":0,"ix":5},"nm":"Transform"}],"nm":"Group 3","np":2,"cix":2,"bm":0,"ix":3,"mn":"ADBE Vector Group","hd":false},{"ty":"gr","it":[{"ind":0,"ty":"sh","ix":1,"ks":{"a":0,"k":{"i":[[2.426,-2.802],[0,0],[-0.006,0.007],[-0.13,0.021],[0,0],[0,-0.411]],"o":[[0,0],[-0.058,-0.065],[0.007,-0.008],[0,0],[0.036,0.403],[0.003,3.705]],"v":[[0.931,5.258],[-6.229,-3.198],[-6.294,-3.327],[-6.164,-3.399],[4.63,-6.055],[4.688,-4.831]],"c":true},"ix":2},"nm":"Path 1","mn":"ADBE Vector Shape - Group","hd":false},{"ind":1,"ty":"sh","ix":2,"ks":{"a":0,"k":{"i":[[0.043,0.446],[0.074,0.132],[0.121,0.087],[0.148,0.027],[0.145,-0.038],[0,0],[0.112,-0.094],[0.053,-0.136],[-0.035,-0.143],[-0.099,-0.109],[0,0],[-0.137,-0.066],[-0.152,-0.001],[-0.133,0.063],[-0.093,0.115],[0.003,4.221]],"o":[[-0.009,-0.15],[-0.072,-0.131],[-0.123,-0.088],[-0.147,-0.027],[0,0],[-0.143,0.029],[-0.113,0.094],[-0.037,0.142],[0.035,0.142],[0,0],[0.095,0.12],[0.137,0.066],[0.148,0],[0.134,-0.064],[2.738,-3.211],[0,-0.431]],"v":[[6.954,-6.119],[6.828,-6.546],[6.534,-6.877],[6.124,-7.051],[5.681,-7.034],[-6.337,-4.09],[-6.726,-3.902],[-6.977,-3.551],[-6.98,-3.118],[-6.776,-2.737],[1.212,6.696],[1.565,6.977],[2.003,7.078],[2.43,6.983],[2.774,6.711],[7.012,-4.803]],"c":true},"ix":2},"nm":"Path 2","mn":"ADBE Vector Shape - Group","hd":false},{"ty":"mm","mm":1,"nm":"Merge Paths 1","mn":"ADBE Vector Filter - Merge","hd":false},{"ty":"fl","c":{"a":0,"k":[0.447000002394,0.477999997606,0.545000023935,1],"ix":4},"o":{"a":0,"k":100,"ix":5},"r":1,"bm":0,"nm":"Fill 1","mn":"ADBE Vector Graphic - Fill","hd":false},{"ty":"tr","p":{"a":0,"k":[40.748,34.677],"ix":2},"a":{"a":0,"k":[0,0],"ix":1},"s":{"a":0,"k":[100,100],"ix":3},"r":{"a":0,"k":0,"ix":6},"o":{"a":0,"k":100,"ix":7},"sk":{"a":0,"k":0,"ix":4},"sa":{"a":0,"k":0,"ix":5},"nm":"Transform"}],"nm":"Group 4","np":4,"cix":2,"bm":0,"ix":4,"mn":"ADBE Vector Group","hd":false},{"ty":"gr","it":[{"ind":0,"ty":"sh","ix":1,"ks":{"a":0,"k":{"i":[[0.036,-0.064],[0,0],[0,3.704],[-0.051,0.396],[0,0],[0,-0.015]],"o":[[0,0],[-2.436,-2.791],[0,-0.41],[0,0],[0.108,0],[0,0.014]],"v":[[5.469,-2.81],[-1.727,5.645],[-5.505,-4.429],[-5.454,-5.645],[5.34,-3.004],[5.476,-2.925]],"c":true},"ix":2},"nm":"Path 1","mn":"ADBE Vector Shape - Group","hd":false},{"ty":"fl","c":{"a":0,"k":[0.447000002394,0.477999997606,0.545000023935,1],"ix":4},"o":{"a":0,"k":100,"ix":5},"r":1,"bm":0,"nm":"Fill 1","mn":"ADBE Vector Graphic - Fill","hd":false},{"ty":"tr","p":{"a":0,"k":[20.045,34.289],"ix":2},"a":{"a":0,"k":[0,0],"ix":1},"s":{"a":0,"k":[100,100],"ix":3},"r":{"a":0,"k":0,"ix":6},"o":{"a":0,"k":100,"ix":7},"sk":{"a":0,"k":0,"ix":4},"sa":{"a":0,"k":0,"ix":5},"nm":"Transform"}],"nm":"Group 5","np":2,"cix":2,"bm":0,"ix":5,"mn":"ADBE Vector Group","hd":false},{"ty":"gr","it":[{"ind":0,"ty":"sh","ix":1,"ks":{"a":0,"k":{"i":[[0.036,-0.064],[0,0],[0,3.704],[-0.051,0.396],[0,0],[0,-0.015]],"o":[[0,0],[-2.436,-2.791],[0,-0.41],[0,0],[0.108,0],[0,0.014]],"v":[[6.248,-3.214],[-0.948,5.242],[-4.726,-4.833],[-4.675,-6.049],[6.119,-3.408],[6.255,-3.329]],"c":true},"ix":2},"nm":"Path 1","mn":"ADBE Vector Shape - Group","hd":false},{"ind":1,"ty":"sh","ix":2,"ks":{"a":0,"k":{"i":[[0.045,0.145],[0.112,0.095],[0.144,0.028],[0,0],[0.146,-0.027],[0.121,-0.086],[0.073,-0.129],[0.012,-0.148],[0,-0.461],[-2.735,-3.212],[-0.133,-0.063],[-0.148,-0.001],[-0.136,0.065],[-0.097,0.116],[0,0],[-0.034,0.147]],"o":[[-0.052,-0.137],[-0.112,-0.094],[0,0],[-0.144,-0.037],[-0.146,0.027],[-0.12,0.087],[-0.073,0.13],[-0.043,0.446],[-0.005,4.219],[0.093,0.114],[0.133,0.064],[0.151,-0.001],[0.137,-0.064],[0,0],[0.104,-0.11],[0.035,-0.149]],"v":[[6.968,-3.566],[6.718,-3.921],[6.327,-4.107],[-5.69,-7.049],[-6.13,-7.064],[-6.536,-6.893],[-6.829,-6.564],[-6.957,-6.143],[-7.014,-4.79],[-2.783,6.725],[-2.439,6.993],[-2.013,7.092],[-1.576,6.992],[-1.221,6.717],[6.773,-2.725],[6.984,-3.118]],"c":true},"ix":2},"nm":"Path 2","mn":"ADBE Vector Shape - Group","hd":false},{"ty":"mm","mm":1,"nm":"Merge Paths 1","mn":"ADBE Vector Filter - Merge","hd":false},{"ty":"fl","c":{"a":0,"k":[0.447000002394,0.477999997606,0.545000023935,1],"ix":4},"o":{"a":0,"k":100,"ix":5},"r":1,"bm":0,"nm":"Fill 1","mn":"ADBE Vector Graphic - Fill","hd":false},{"ty":"tr","p":{"a":0,"k":[19.266,34.692],"ix":2},"a":{"a":0,"k":[0,0],"ix":1},"s":{"a":0,"k":[100,100],"ix":3},"r":{"a":0,"k":0,"ix":6},"o":{"a":0,"k":100,"ix":7},"sk":{"a":0,"k":0,"ix":4},"sa":{"a":0,"k":0,"ix":5},"nm":"Transform"}],"nm":"Group 6","np":4,"cix":2,"bm":0,"ix":6,"mn":"ADBE Vector Group","hd":false},{"ty":"gr","it":[{"ind":0,"ty":"sh","ix":1,"ks":{"a":0,"k":{"i":[[-1.999,0.482],[0,0],[0,0],[0.086,0],[0,0],[-1.657,1.217]],"o":[[0,0],[0,0],[0,0.015],[0,0],[1.057,-1.763],[1.657,-1.218]],"v":[[4.415,-5.663],[5.235,5.497],[5.235,5.648],[5.084,5.648],[-5.235,1.424],[-1.123,-3.089]],"c":true},"ix":2},"nm":"Path 1","mn":"ADBE Vector Shape - Group","hd":false},{"ty":"fl","c":{"a":0,"k":[0.447000002394,0.477999997606,0.545000023935,1],"ix":4},"o":{"a":0,"k":100,"ix":5},"r":1,"bm":0,"nm":"Fill 1","mn":"ADBE Vector Graphic - Fill","hd":false},{"ty":"tr","p":{"a":0,"k":[22.042,20.476],"ix":2},"a":{"a":0,"k":[0,0],"ix":1},"s":{"a":0,"k":[100,100],"ix":3},"r":{"a":0,"k":0,"ix":6},"o":{"a":0,"k":100,"ix":7},"sk":{"a":0,"k":0,"ix":4},"sa":{"a":0,"k":0,"ix":5},"nm":"Transform"}],"nm":"Group 7","np":2,"cix":2,"bm":0,"ix":7,"mn":"ADBE Vector Group","hd":false},{"ty":"gr","it":[{"ind":0,"ty":"sh","ix":1,"ks":{"a":0,"k":{"i":[[-1.999,0.482],[0,0],[0,0],[0.086,0],[0,0],[-1.657,1.217]],"o":[[0,0],[0,0],[0,0.015],[0,0],[1.057,-1.763],[1.657,-1.218]],"v":[[5.089,-4.904],[5.909,6.258],[5.909,6.408],[5.758,6.408],[-4.561,2.184],[-0.449,-2.329]],"c":true},"ix":2},"nm":"Path 1","mn":"ADBE Vector Shape - Group","hd":false},{"ind":1,"ty":"sh","ix":2,"ks":{"a":0,"k":{"i":[[-0.146,-0.06],[0,0],[-0.134,0.001],[-0.096,0.041],[-0.07,0.078],[-0.036,0.124],[0.02,0.128],[0,0],[0.071,0.132],[0.12,0.088],[0.147,0.029],[0.145,-0.036],[2.471,-3.96],[0.019,-0.147],[-0.045,-0.141],[-0.105,-0.119]],"o":[[0,0],[0.122,0.053],[0.104,0.003],[0.095,-0.041],[0.086,-0.097],[0.036,-0.125],[0,0],[-0.009,-0.15],[-0.071,-0.131],[-0.121,-0.089],[-0.146,-0.029],[-4.533,1.116],[-0.079,0.125],[-0.019,0.146],[0.041,0.153],[0.105,0.118]],"v":[[-5.979,2.357],[5.47,7.049],[5.859,7.128],[6.162,7.07],[6.413,6.891],[6.598,6.555],[6.622,6.171],[5.708,-6.163],[5.587,-6.589],[5.297,-6.923],[4.891,-7.102],[4.448,-7.092],[-6.475,0.824],[-6.623,1.238],[-6.583,1.674],[-6.361,2.087]],"c":true},"ix":2},"nm":"Path 2","mn":"ADBE Vector Shape - Group","hd":false},{"ty":"mm","mm":1,"nm":"Merge Paths 1","mn":"ADBE Vector Filter - Merge","hd":false},{"ty":"fl","c":{"a":0,"k":[0.447000002394,0.477999997606,0.545000023935,1],"ix":4},"o":{"a":0,"k":100,"ix":5},"r":1,"bm":0,"nm":"Fill 1","mn":"ADBE Vector Graphic - Fill","hd":false},{"ty":"tr","p":{"a":0,"k":[21.367,19.716],"ix":2},"a":{"a":0,"k":[0,0],"ix":1},"s":{"a":0,"k":[100,100],"ix":3},"r":{"a":0,"k":0,"ix":6},"o":{"a":0,"k":100,"ix":7},"sk":{"a":0,"k":0,"ix":4},"sa":{"a":0,"k":0,"ix":5},"nm":"Transform"}],"nm":"Group 8","np":4,"cix":2,"bm":0,"ix":8,"mn":"ADBE Vector Group","hd":false},{"ty":"gr","it":[{"ind":0,"ty":"sh","ix":1,"ks":{"a":0,"k":{"i":[[0,0],[-1.66,-1.214],[-1.063,-1.76],[0,0],[0.038,0.005],[0,0],[-0.014,0.047]],"o":[[2.001,0.477],[1.661,1.213],[0,0],[-0.039,0.005],[0,0],[-0.014,-0.047],[0,0]],"v":[[-4.426,-5.648],[1.121,-3.087],[5.246,1.418],[-5.073,5.643],[-5.189,5.643],[-5.232,5.643],[-5.232,5.498]],"c":true},"ix":2},"nm":"Path 1","mn":"ADBE Vector Shape - Group","hd":false},{"ty":"fl","c":{"a":0,"k":[0.447000002394,0.477999997606,0.545000023935,1],"ix":4},"o":{"a":0,"k":100,"ix":5},"r":1,"bm":0,"nm":"Fill 1","mn":"ADBE Vector Graphic - Fill","hd":false},{"ty":"tr","p":{"a":0,"k":[37.979,20.461],"ix":2},"a":{"a":0,"k":[0,0],"ix":1},"s":{"a":0,"k":[100,100],"ix":3},"r":{"a":0,"k":0,"ix":6},"o":{"a":0,"k":100,"ix":7},"sk":{"a":0,"k":0,"ix":4},"sa":{"a":0,"k":0,"ix":5},"nm":"Transform"}],"nm":"Group 9","np":2,"cix":2,"bm":0,"ix":9,"mn":"ADBE Vector Group","hd":false},{"ty":"gr","it":[{"ind":0,"ty":"sh","ix":1,"ks":{"a":0,"k":{"i":[[0,0],[-1.66,-1.214],[-1.063,-1.76],[0,0],[0.038,0.005],[0,0],[-0.014,0.047]],"o":[[2.001,0.477],[1.661,1.213],[0,0],[-0.039,0.005],[0,0],[-0.014,-0.047],[0,0]],"v":[[-5.074,-4.934],[0.473,-2.372],[4.598,2.133],[-5.721,6.357],[-5.837,6.357],[-5.881,6.357],[-5.881,6.212]],"c":true},"ix":2},"nm":"Path 1","mn":"ADBE Vector Shape - Group","hd":false},{"ind":1,"ty":"sh","ix":2,"ks":{"a":0,"k":{"i":[[-0.105,0.012],[-0.12,0.054],[0,0],[-0.106,0.109],[-0.049,0.145],[0.02,0.146],[0.078,0.126],[4.532,1.117],[0.146,-0.031],[0.119,-0.088],[0.071,-0.13],[0.01,-0.148],[0,0],[-0.037,-0.124],[-0.084,-0.098],[-0.101,-0.034]],"o":[[0.132,0],[0,0],[0.142,-0.053],[0.106,-0.11],[0.042,-0.141],[-0.019,-0.147],[-2.474,-3.958],[-0.146,-0.033],[-0.145,0.031],[-0.118,0.089],[-0.07,0.131],[0,0],[-0.015,0.128],[0.037,0.124],[0.077,0.075],[0.1,0.035]],"v":[[-5.837,7.092],[-5.456,7.012],[5.986,2.327],[6.364,2.081],[6.599,1.693],[6.632,1.258],[6.484,0.844],[-4.441,-7.07],[-4.882,-7.073],[-5.283,-6.891],[-5.57,-6.559],[-5.693,-6.135],[-6.637,6.171],[-6.604,6.553],[-6.421,6.889],[-6.15,7.055]],"c":true},"ix":2},"nm":"Path 2","mn":"ADBE Vector Shape - Group","hd":false},{"ty":"mm","mm":1,"nm":"Merge Paths 1","mn":"ADBE Vector Filter - Merge","hd":false},{"ty":"fl","c":{"a":0,"k":[0.447000002394,0.477999997606,0.545000023935,1],"ix":4},"o":{"a":0,"k":100,"ix":5},"r":1,"bm":0,"nm":"Fill 1","mn":"ADBE Vector Graphic - Fill","hd":false},{"ty":"tr","p":{"a":0,"k":[38.627,19.746],"ix":2},"a":{"a":0,"k":[0,0],"ix":1},"s":{"a":0,"k":[100,100],"ix":3},"r":{"a":0,"k":0,"ix":6},"o":{"a":0,"k":100,"ix":7},"sk":{"a":0,"k":0,"ix":4},"sa":{"a":0,"k":0,"ix":5},"nm":"Transform"}],"nm":"Group 10","np":4,"cix":2,"bm":0,"ix":10,"mn":"ADBE Vector Group","hd":false},{"ty":"gr","it":[{"ind":0,"ty":"sh","ix":1,"ks":{"a":0,"k":{"i":[[0,0],[0.133,-0.064],[0.148,0],[0.137,0.065],[0.096,0.119],[0,0],[0.035,0.142],[-0.036,0.142],[-0.112,0.094],[-0.144,0.029],[0,0],[-0.148,-0.028],[-0.121,-0.088],[-0.074,-0.131],[-0.01,-0.149],[0,-0.461],[2.744,-3.207]],"o":[[-0.093,0.114],[-0.134,0.063],[-0.152,-0.001],[-0.137,-0.067],[0,0],[-0.098,-0.109],[-0.035,-0.142],[0.053,-0.136],[0.111,-0.094],[0,0],[0.145,-0.038],[0.147,0.027],[0.122,0.087],[0.072,0.131],[0.043,0.446],[-0.002,4.219],[0,0]],"v":[[13.717,11.26],[13.374,11.531],[12.947,11.627],[12.508,11.526],[12.156,11.245],[4.169,1.812],[3.964,1.43],[3.966,0.998],[4.219,0.646],[4.607,0.459],[16.624,-2.485],[17.07,-2.502],[17.477,-2.328],[17.773,-1.997],[17.898,-1.571],[17.956,-0.225],[13.702,11.281]],"c":true},"ix":2},"nm":"Path 1","mn":"ADBE Vector Shape - Group","hd":false},{"ind":1,"ty":"sh","ix":2,"ks":{"a":0,"k":{"i":[[0.043,-0.144],[0.101,-0.109],[0.14,-0.054],[4.325,1.785],[0.1,0.107],[0.046,0.139],[-0.02,0.15],[-0.082,0.128],[0,0],[-0.127,0.076],[-0.148,0],[-0.127,-0.076],[-0.069,-0.13],[0,0],[-0.024,-0.149]],"o":[[-0.045,0.143],[-0.103,0.111],[-4.325,1.785],[-0.136,-0.054],[-0.101,-0.106],[-0.046,-0.145],[0.019,-0.151],[0,0],[0.069,-0.13],[0.127,-0.076],[0.148,0],[0.127,0.076],[0,0],[0.086,0.124],[0.024,0.15]],"v":[[7.544,15.577],[7.32,15.96],[6.952,16.21],[-6.553,16.21],[-6.913,15.965],[-7.137,15.592],[-7.176,15.144],[-7.021,14.721],[-0.51,4.2],[-0.21,3.883],[0.21,3.766],[0.632,3.883],[0.93,4.2],[7.406,14.714],[7.574,15.13]],"c":true},"ix":2},"nm":"Path 2","mn":"ADBE Vector Shape - Group","hd":false},{"ind":2,"ty":"sh","ix":3,"ks":{"a":0,"k":{"i":[[0.154,-0.005],[0.132,0.063],[0.094,0.115],[-0.004,4.219],[-0.058,0.446],[-0.073,0.13],[-0.121,0.087],[-0.146,0.027],[-0.144,-0.037],[0,0],[-0.113,-0.095],[-0.046,-0.139],[0.034,-0.144],[0.104,-0.105],[0,0],[0.137,-0.07]],"o":[[-0.147,-0.001],[-0.134,-0.063],[-2.735,-3.211],[0,-0.461],[0.011,-0.148],[0.073,-0.129],[0.121,-0.086],[0.146,-0.027],[0,0],[0.146,0.022],[0.113,0.095],[0.046,0.141],[-0.034,0.144],[0,0],[-0.094,0.122],[-0.137,0.07]],"v":[[-12.549,11.649],[-12.973,11.551],[-13.318,11.281],[-17.549,-0.232],[-17.492,-1.585],[-17.365,-2.007],[-17.07,-2.335],[-16.665,-2.507],[-16.225,-2.492],[-4.208,0.451],[-3.812,0.631],[-3.57,0.99],[-3.551,1.425],[-3.762,1.804],[-11.757,11.245],[-12.107,11.536]],"c":true},"ix":2},"nm":"Path 3","mn":"ADBE Vector Shape - Group","hd":false},{"ind":3,"ty":"sh","ix":4,"ks":{"a":0,"k":{"i":[[-0.088,0.132],[-4.533,1.116],[-0.147,-0.029],[-0.12,-0.089],[-0.071,-0.131],[-0.008,-0.149],[0,0],[0.036,-0.125],[0.086,-0.097],[0.096,-0.041],[0.105,0.003],[0.122,0.054],[0,0],[0.105,0.109],[0.048,0.144],[-0.018,0.157]],"o":[[2.471,-3.96],[0.145,-0.036],[0.146,0.029],[0.121,0.088],[0.071,0.132],[0,0],[0.021,0.128],[-0.036,0.124],[-0.069,0.077],[-0.095,0.041],[-0.133,0.002],[0,0],[-0.142,-0.055],[-0.104,-0.11],[-0.054,-0.149],[0.019,-0.158]],"v":[[-14.908,-9.515],[-3.984,-17.431],[-3.542,-17.442],[-3.137,-17.263],[-2.846,-16.929],[-2.725,-16.503],[-1.812,-4.169],[-1.835,-3.785],[-2.021,-3.449],[-2.271,-3.269],[-2.574,-3.212],[-2.962,-3.291],[-14.411,-7.975],[-14.785,-8.224],[-15.016,-8.609],[-15.07,-9.074]],"c":true},"ix":2},"nm":"Path 4","mn":"ADBE Vector Shape - Group","hd":false},{"ind":4,"ty":"sh","ix":5,"ks":{"a":0,"k":{"i":[[0,0],[-0.07,0.13],[-0.118,0.089],[-0.146,0.031],[-0.146,-0.032],[-2.474,-3.959],[-0.019,-0.146],[0.042,-0.142],[0.105,-0.11],[0.142,-0.053],[0,0],[0.131,0.001],[0.097,0.04],[0.07,0.077],[0.037,0.124],[-0.015,0.129]],"o":[[0.01,-0.148],[0.071,-0.13],[0.119,-0.089],[0.145,-0.031],[4.532,1.118],[0.078,0.125],[0.02,0.146],[-0.049,0.144],[-0.107,0.11],[0,0],[-0.12,0.053],[-0.105,0.005],[-0.097,-0.04],[-0.085,-0.099],[-0.037,-0.124],[0,0]],"v":[[3.132,-16.524],[3.255,-16.947],[3.542,-17.28],[3.945,-17.462],[4.385,-17.46],[15.309,-9.544],[15.456,-9.132],[15.423,-8.695],[15.189,-8.309],[14.811,-8.062],[3.37,-3.341],[2.988,-3.262],[2.682,-3.315],[2.428,-3.492],[2.242,-3.829],[2.21,-4.212]],"c":true},"ix":2},"nm":"Path 5","mn":"ADBE Vector Shape - Group","hd":false},{"ind":5,"ty":"sh","ix":6,"ks":{"a":0,"k":{"i":[[5.567,0],[3.452,-2.306],[1.589,-3.835],[-0.81,-4.072],[-2.935,-2.936],[-4.072,-0.81],[-3.835,1.589],[-2.306,3.452],[0,4.151],[3.937,3.936]],"o":[[-4.152,0],[-3.452,2.307],[-1.589,3.836],[0.81,4.071],[2.936,2.935],[4.072,0.81],[3.835,-1.589],[2.307,-3.452],[0,-5.568],[-3.936,-3.937]],"v":[[0.204,-21.194],[-11.458,-17.657],[-19.189,-8.237],[-20.385,3.892],[-14.639,14.639],[-3.891,20.384],[8.236,19.19],[17.656,11.458],[21.195,-0.203],[15.046,-15.046]],"c":true},"ix":2},"nm":"Path 6","mn":"ADBE Vector Shape - Group","hd":false},{"ty":"mm","mm":1,"nm":"Merge Paths 1","mn":"ADBE Vector Filter - Merge","hd":false},{"ty":"fl","c":{"a":0,"k":[1,1,1,1],"ix":4},"o":{"a":0,"k":100,"ix":5},"r":1,"bm":0,"nm":"Fill 1","mn":"ADBE Vector Graphic - Fill","hd":false},{"ty":"tr","p":{"a":0,"k":[29.803,30.106],"ix":2},"a":{"a":0,"k":[0,0],"ix":1},"s":{"a":0,"k":[100,100],"ix":3},"r":{"a":0,"k":0,"ix":6},"o":{"a":0,"k":100,"ix":7},"sk":{"a":0,"k":0,"ix":4},"sa":{"a":0,"k":0,"ix":5},"nm":"Transform"}],"nm":"Group 11","np":8,"cix":2,"bm":0,"ix":11,"mn":"ADBE Vector Group","hd":false},{"ty":"gr","it":[{"ind":0,"ty":"sh","ix":1,"ks":{"a":0,"k":{"i":[[-10.9,0],[0,-10.9],[10.9,0],[0,10.901]],"o":[[10.9,0],[0,10.901],[-10.9,0],[0,-10.9]],"v":[[0,-19.736],[19.736,-0.001],[0,19.736],[-19.736,-0.001]],"c":true},"ix":2},"nm":"Path 1","mn":"ADBE Vector Shape - Group","hd":false},{"ty":"fl","c":{"a":0,"k":[1,1,1,1],"ix":4},"o":{"a":0,"k":100,"ix":5},"r":1,"bm":0,"nm":"Fill 1","mn":"ADBE Vector Graphic - Fill","hd":false},{"ty":"tr","p":{"a":0,"k":[30.033,29.875],"ix":2},"a":{"a":0,"k":[0,0],"ix":1},"s":{"a":0,"k":[100,100],"ix":3},"r":{"a":0,"k":0,"ix":6},"o":{"a":0,"k":100,"ix":7},"sk":{"a":0,"k":0,"ix":4},"sa":{"a":0,"k":0,"ix":5},"nm":"Transform"}],"nm":"Group 12","np":2,"cix":2,"bm":0,"ix":12,"mn":"ADBE Vector Group","hd":false},{"ty":"gr","it":[{"ind":0,"ty":"sh","ix":1,"ks":{"a":0,"k":{"i":[[-16.568,0],[0,-16.568],[16.568,0],[0,16.568]],"o":[[16.568,0],[0,16.568],[-16.568,0],[0,-16.568]],"v":[[0,-30],[30,0],[0,30],[-30,0]],"c":true},"ix":2},"nm":"Path 1","mn":"ADBE Vector Shape - Group","hd":false},{"ty":"fl","c":{"a":0,"k":[0.030999998953,0.059000000299,0.180000005984,1],"ix":4},"o":{"a":0,"k":100,"ix":5},"r":1,"bm":0,"nm":"Fill 1","mn":"ADBE Vector Graphic - Fill","hd":false},{"ty":"tr","p":{"a":0,"k":[30,30],"ix":2},"a":{"a":0,"k":[0,0],"ix":1},"s":{"a":0,"k":[100,100],"ix":3},"r":{"a":0,"k":0,"ix":6},"o":{"a":0,"k":100,"ix":7},"sk":{"a":0,"k":0,"ix":4},"sa":{"a":0,"k":0,"ix":5},"nm":"Transform"}],"nm":"Group 13","np":2,"cix":2,"bm":0,"ix":13,"mn":"ADBE Vector Group","hd":false}],"ip":0,"op":90.0000036657751,"st":0,"bm":0},{"ddd":0,"ind":3,"ty":4,"nm":"Shape Layer 1","td":1,"sr":1,"ks":{"o":{"a":0,"k":100,"ix":11},"r":{"a":0,"k":0,"ix":10},"p":{"a":0,"k":[76,277,0],"ix":2,"l":2},"a":{"a":0,"k":[0,0,0],"ix":1,"l":2},"s":{"a":0,"k":[130.005,100,100],"ix":6,"l":2}},"ao":0,"shapes":[{"ty":"gr","it":[{"ty":"rc","d":1,"s":{"a":0,"k":[189.27,115.258],"ix":2},"p":{"a":0,"k":[0,0],"ix":3},"r":{"a":0,"k":0,"ix":4},"nm":"Rectangle Path 1","mn":"ADBE Vector Shape - Rect","hd":false},{"ty":"st","c":{"a":0,"k":[1,1,1,1],"ix":3},"o":{"a":0,"k":100,"ix":4},"w":{"a":0,"k":2,"ix":5},"lc":1,"lj":1,"ml":4,"bm":0,"nm":"Stroke 1","mn":"ADBE Vector Graphic - Stroke","hd":false},{"ty":"fl","c":{"a":0,"k":[1,0,0,1],"ix":4},"o":{"a":0,"k":100,"ix":5},"r":1,"bm":0,"nm":"Fill 1","mn":"ADBE Vector Graphic - Fill","hd":false},{"ty":"tr","p":{"a":0,"k":[-78.377,4.559],"ix":2},"a":{"a":0,"k":[0,0],"ix":1},"s":{"a":0,"k":[89.742,100],"ix":3},"r":{"a":0,"k":0,"ix":6},"o":{"a":0,"k":100,"ix":7},"sk":{"a":0,"k":0,"ix":4},"sa":{"a":0,"k":0,"ix":5},"nm":"Transform"}],"nm":"Rectangle 1","np":3,"cix":2,"bm":0,"ix":1,"mn":"ADBE Vector Group","hd":false}],"ip":0,"op":90.0000036657751,"st":0,"bm":0},{"ddd":0,"ind":4,"ty":4,"nm":"POTHOLE Outlines","tt":2,"sr":1,"ks":{"o":{"a":0,"k":100,"ix":11},"r":{"a":0,"k":0,"ix":10},"p":{"a":1,"k":[{"i":{"x":0.667,"y":1},"o":{"x":0.333,"y":0},"t":58,"s":[-45.5,289,0],"to":[40.333,0,0],"ti":[-40.333,0,0]},{"t":80.0000032584668,"s":[196.5,289,0]}],"ix":2,"l":2},"a":{"a":0,"k":[92.5,18.5,0],"ix":1,"l":2},"s":{"a":0,"k":[100,100,100],"ix":6,"l":2}},"ao":0,"shapes":[{"ty":"gr","it":[{"ind":0,"ty":"sh","ix":1,"ks":{"a":0,"k":{"i":[[0.238,-1.462],[0,0],[1.055,0.884],[1.666,0],[1.019,-0.884]],"o":[[0,0],[-0.136,-1.462],[-1.02,-0.884],[-1.735,0],[-1.021,0.884]],"v":[[-5.89,-2.907],[5.941,-2.907],[4.157,-6.426],[0.129,-7.752],[-4.003,-6.426]],"c":true},"ix":2},"nm":"Path 1","mn":"ADBE Vector Shape - Group","hd":false},{"ind":1,"ty":"sh","ix":2,"ks":{"a":0,"k":{"i":[[2.312,0],[1.939,1.054],[1.088,1.939],[0,2.652],[0,0],[-1.054,1.938],[-1.904,1.053],[-2.515,0],[-1.836,-1.123],[-1.019,-1.972],[0,-2.584],[0,0],[0,0],[-1.225,-1.088],[-1.768,0],[-0.851,0.783],[-0.441,0.952],[0,0],[0.918,-1.054],[1.496,-0.748]],"o":[[-2.516,0],[-1.904,-1.088],[-1.054,-1.971],[0,0],[0,-2.652],[1.055,-1.972],[1.904,-1.088],[2.482,0],[1.836,1.088],[1.021,1.938],[0,0],[0,0],[0.069,1.733],[1.223,1.089],[1.803,0],[0.849,-0.781],[0,0],[-0.476,0.883],[-0.884,1.019],[-1.495,0.714]],"v":[[0.281,13.362],[-6.4,11.781],[-10.888,7.241],[-12.469,0.306],[-12.469,-0.306],[-10.888,-7.191],[-6.451,-11.73],[0.178,-13.362],[6.656,-11.679],[10.939,-7.089],[12.47,-0.306],[12.47,1.887],[-5.941,1.887],[-4.003,6.119],[0.485,7.752],[4.464,6.578],[6.401,3.978],[11.654,6.732],[9.562,9.639],[5.993,12.291]],"c":true},"ix":2},"nm":"Path 2","mn":"ADBE Vector Shape - Group","hd":false},{"ty":"mm","mm":1,"nm":"Merge Paths 1","mn":"ADBE Vector Filter - Merge","hd":false},{"ty":"fl","c":{"a":0,"k":[0.250999989229,0.26699999641,0.685999971278,1],"ix":4},"o":{"a":0,"k":100,"ix":5},"r":1,"bm":0,"nm":"Fill 1","mn":"ADBE Vector Graphic - Fill","hd":false},{"ty":"tr","p":{"a":0,"k":[172.484,23.352],"ix":2},"a":{"a":0,"k":[0,0],"ix":1},"s":{"a":0,"k":[100,100],"ix":3},"r":{"a":0,"k":0,"ix":6},"o":{"a":0,"k":100,"ix":7},"sk":{"a":0,"k":0,"ix":4},"sa":{"a":0,"k":0,"ix":5},"nm":"Transform"}],"nm":"Group 1","np":4,"cix":2,"bm":0,"ix":1,"mn":"ADBE Vector Group","hd":false},{"ty":"gr","it":[{"ind":0,"ty":"sh","ix":1,"ks":{"a":0,"k":{"i":[[0,0],[0,0],[0,0],[0,0]],"o":[[0,0],[0,0],[0,0],[0,0]],"v":[[-3.213,-17.85],[3.213,-17.85],[3.213,17.85],[-3.213,17.85]],"c":true},"ix":2},"nm":"Path 1","mn":"ADBE Vector Shape - Group","hd":false},{"ty":"fl","c":{"a":0,"k":[0.250999989229,0.26699999641,0.685999971278,1],"ix":4},"o":{"a":0,"k":100,"ix":5},"r":1,"bm":0,"nm":"Fill 1","mn":"ADBE Vector Graphic - Fill","hd":false},{"ty":"tr","p":{"a":0,"k":[150.905,18.15],"ix":2},"a":{"a":0,"k":[0,0],"ix":1},"s":{"a":0,"k":[100,100],"ix":3},"r":{"a":0,"k":0,"ix":6},"o":{"a":0,"k":100,"ix":7},"sk":{"a":0,"k":0,"ix":4},"sa":{"a":0,"k":0,"ix":5},"nm":"Transform"}],"nm":"Group 2","np":2,"cix":2,"bm":0,"ix":2,"mn":"ADBE Vector Group","hd":false},{"ty":"gr","it":[{"ind":0,"ty":"sh","ix":1,"ks":{"a":0,"k":{"i":[[-1.972,0],[-1.292,1.258],[0,2.38],[0,0],[1.292,1.258],[2.006,0],[1.292,-1.292],[0,-2.38],[0,0],[-1.291,-1.292]],"o":[[1.972,0],[1.292,-1.292],[0,0],[0,-2.38],[-1.258,-1.292],[-1.972,0],[-1.291,1.258],[0,0],[0,2.38],[1.292,1.258]],"v":[[0,7.65],[4.896,5.763],[6.834,0.255],[6.834,-0.255],[4.896,-5.712],[0,-7.65],[-4.896,-5.712],[-6.834,-0.255],[-6.834,0.255],[-4.896,5.763]],"c":true},"ix":2},"nm":"Path 1","mn":"ADBE Vector Shape - Group","hd":false},{"ind":1,"ty":"sh","ix":2,"ks":{"a":0,"k":{"i":[[2.516,0],[2.006,1.019],[1.156,1.939],[0,2.721],[0,0],[-1.156,1.938],[-2.006,1.02],[-2.516,0],[-2.006,-1.02],[-1.156,-1.938],[0,-2.72],[0,0],[1.156,-1.937],[2.006,-1.021]],"o":[[-2.516,0],[-2.006,-1.021],[-1.156,-1.937],[0,0],[0,-2.72],[1.156,-1.938],[2.006,-1.02],[2.516,0],[2.006,1.02],[1.156,1.938],[0,0],[0,2.721],[-1.156,1.939],[-2.006,1.019]],"v":[[0,13.362],[-6.783,11.833],[-11.526,7.395],[-13.26,0.408],[-13.26,-0.408],[-11.526,-7.395],[-6.783,-11.832],[0,-13.362],[6.783,-11.832],[11.526,-7.395],[13.26,-0.408],[13.26,0.408],[11.526,7.395],[6.783,11.833]],"c":true},"ix":2},"nm":"Path 2","mn":"ADBE Vector Shape - Group","hd":false},{"ty":"mm","mm":1,"nm":"Merge Paths 1","mn":"ADBE Vector Filter - Merge","hd":false},{"ty":"fl","c":{"a":0,"k":[0.250999989229,0.26699999641,0.685999971278,1],"ix":4},"o":{"a":0,"k":100,"ix":5},"r":1,"bm":0,"nm":"Fill 1","mn":"ADBE Vector Graphic - Fill","hd":false},{"ty":"tr","p":{"a":0,"k":[128.501,23.352],"ix":2},"a":{"a":0,"k":[0,0],"ix":1},"s":{"a":0,"k":[100,100],"ix":3},"r":{"a":0,"k":0,"ix":6},"o":{"a":0,"k":100,"ix":7},"sk":{"a":0,"k":0,"ix":4},"sa":{"a":0,"k":0,"ix":5},"nm":"Transform"}],"nm":"Group 3","np":4,"cix":2,"bm":0,"ix":3,"mn":"ADBE Vector Group","hd":false},{"ty":"gr","it":[{"ind":0,"ty":"sh","ix":1,"ks":{"a":0,"k":{"i":[[0,0],[0,0],[0,0],[0,0],[0,0],[-0.578,0.544],[-0.952,0.34],[-1.496,0],[-1.462,-0.918],[-0.817,-1.598],[0,-2.108],[0,0],[0,0],[0,0],[0.952,0.952],[1.735,0],[1.088,-1.326],[0,-2.346],[0,0]],"o":[[0,0],[0,0],[0,0],[0,0],[0.272,-0.544],[0.578,-0.544],[0.986,-0.374],[1.972,0],[1.496,0.884],[0.816,1.564],[0,0],[0,0],[0,0],[0,-1.904],[-0.918,-0.952],[-1.971,0],[-1.088,1.292],[0,0],[0,0]],"v":[[-12.24,17.85],[-12.24,-17.85],[-5.814,-17.85],[-5.814,-4.335],[-4.896,-4.335],[-3.621,-5.967],[-1.326,-7.293],[2.397,-7.854],[7.548,-6.477],[11.016,-2.754],[12.24,2.754],[12.24,17.85],[5.814,17.85],[5.814,3.264],[4.387,-1.02],[0.408,-2.448],[-4.182,-0.459],[-5.814,4.998],[-5.814,17.85]],"c":true},"ix":2},"nm":"Path 1","mn":"ADBE Vector Shape - Group","hd":false},{"ty":"fl","c":{"a":0,"k":[0.250999989229,0.26699999641,0.685999971278,1],"ix":4},"o":{"a":0,"k":100,"ix":5},"r":1,"bm":0,"nm":"Fill 1","mn":"ADBE Vector Graphic - Fill","hd":false},{"ty":"tr","p":{"a":0,"k":[97.278,18.15],"ix":2},"a":{"a":0,"k":[0,0],"ix":1},"s":{"a":0,"k":[100,100],"ix":3},"r":{"a":0,"k":0,"ix":6},"o":{"a":0,"k":100,"ix":7},"sk":{"a":0,"k":0,"ix":4},"sa":{"a":0,"k":0,"ix":5},"nm":"Transform"}],"nm":"Group 4","np":2,"cix":2,"bm":0,"ix":4,"mn":"ADBE Vector Group","hd":false},{"ty":"gr","it":[{"ind":0,"ty":"sh","ix":1,"ks":{"a":0,"k":{"i":[[0,0],[1.054,1.02],[0,1.734],[0,0],[0,0],[0,0],[0,0],[0,0],[0,0],[0,0],[0,0],[0,0],[0,0],[0,0],[-0.952,0],[0,0],[0,0]],"o":[[-1.666,0],[-1.02,-1.054],[0,0],[0,0],[0,0],[0,0],[0,0],[0,0],[0,0],[0,0],[0,0],[0,0],[0,0],[0,1.021],[0,0],[0,0],[0,0]],"v":[[2.091,16.575],[-1.989,15.045],[-3.519,10.863],[-3.519,-3.417],[-9.843,-3.417],[-9.843,-8.721],[-3.519,-8.721],[-3.519,-16.575],[2.907,-16.575],[2.907,-8.721],[9.843,-8.721],[9.843,-3.417],[2.907,-3.417],[2.907,9.741],[4.335,11.271],[9.231,11.271],[9.231,16.575]],"c":true},"ix":2},"nm":"Path 1","mn":"ADBE Vector Shape - Group","hd":false},{"ty":"fl","c":{"a":0,"k":[0.250999989229,0.26699999641,0.685999971278,1],"ix":4},"o":{"a":0,"k":100,"ix":5},"r":1,"bm":0,"nm":"Fill 1","mn":"ADBE Vector Graphic - Fill","hd":false},{"ty":"tr","p":{"a":0,"k":[69.378,19.425],"ix":2},"a":{"a":0,"k":[0,0],"ix":1},"s":{"a":0,"k":[100,100],"ix":3},"r":{"a":0,"k":0,"ix":6},"o":{"a":0,"k":100,"ix":7},"sk":{"a":0,"k":0,"ix":4},"sa":{"a":0,"k":0,"ix":5},"nm":"Transform"}],"nm":"Group 5","np":2,"cix":2,"bm":0,"ix":5,"mn":"ADBE Vector Group","hd":false},{"ty":"gr","it":[{"ind":0,"ty":"sh","ix":1,"ks":{"a":0,"k":{"i":[[-1.972,0],[-1.292,1.258],[0,2.38],[0,0],[1.292,1.258],[2.006,0],[1.292,-1.292],[0,-2.38],[0,0],[-1.292,-1.292]],"o":[[1.972,0],[1.292,-1.292],[0,0],[0,-2.38],[-1.258,-1.292],[-1.972,0],[-1.292,1.258],[0,0],[0,2.38],[1.292,1.258]],"v":[[0,7.65],[4.896,5.763],[6.834,0.255],[6.834,-0.255],[4.896,-5.712],[0,-7.65],[-4.896,-5.712],[-6.834,-0.255],[-6.834,0.255],[-4.896,5.763]],"c":true},"ix":2},"nm":"Path 1","mn":"ADBE Vector Shape - Group","hd":false},{"ind":1,"ty":"sh","ix":2,"ks":{"a":0,"k":{"i":[[2.516,0],[2.006,1.019],[1.156,1.939],[0,2.721],[0,0],[-1.156,1.938],[-2.006,1.02],[-2.516,0],[-2.006,-1.02],[-1.156,-1.938],[0,-2.72],[0,0],[1.156,-1.937],[2.006,-1.021]],"o":[[-2.516,0],[-2.006,-1.021],[-1.156,-1.937],[0,0],[0,-2.72],[1.156,-1.938],[2.006,-1.02],[2.516,0],[2.006,1.02],[1.156,1.938],[0,0],[0,2.721],[-1.156,1.939],[-2.006,1.019]],"v":[[0,13.362],[-6.783,11.833],[-11.526,7.395],[-13.26,0.408],[-13.26,-0.408],[-11.526,-7.395],[-6.783,-11.832],[0,-13.362],[6.783,-11.832],[11.526,-7.395],[13.26,-0.408],[13.26,0.408],[11.526,7.395],[6.783,11.833]],"c":true},"ix":2},"nm":"Path 2","mn":"ADBE Vector Shape - Group","hd":false},{"ty":"mm","mm":1,"nm":"Merge Paths 1","mn":"ADBE Vector Filter - Merge","hd":false},{"ty":"fl","c":{"a":0,"k":[0.250999989229,0.26699999641,0.685999971278,1],"ix":4},"o":{"a":0,"k":100,"ix":5},"r":1,"bm":0,"nm":"Fill 1","mn":"ADBE Vector Graphic - Fill","hd":false},{"ty":"tr","p":{"a":0,"k":[43.384,23.352],"ix":2},"a":{"a":0,"k":[0,0],"ix":1},"s":{"a":0,"k":[100,100],"ix":3},"r":{"a":0,"k":0,"ix":6},"o":{"a":0,"k":100,"ix":7},"sk":{"a":0,"k":0,"ix":4},"sa":{"a":0,"k":0,"ix":5},"nm":"Transform"}],"nm":"Group 6","np":4,"cix":2,"bm":0,"ix":6,"mn":"ADBE Vector Group","hd":false},{"ty":"gr","it":[{"ind":0,"ty":"sh","ix":1,"ks":{"a":0,"k":{"i":[[0,0],[0,0],[-0.986,0.884],[0,1.53],[0,0],[0.986,0.884],[1.598,0],[0,0]],"o":[[0,0],[1.598,0],[0.986,-0.884],[0,0],[0,-1.53],[-0.986,-0.884],[0,0],[0,0]],"v":[[-6.324,-1.326],[0.969,-1.326],[4.845,-2.652],[6.324,-6.273],[6.324,-6.783],[4.845,-10.404],[0.969,-11.73],[-6.324,-11.73]],"c":true},"ix":2},"nm":"Path 1","mn":"ADBE Vector Shape - Group","hd":false},{"ind":1,"ty":"sh","ix":2,"ks":{"a":0,"k":{"i":[[0,0],[0,0],[0,0],[-1.7,-0.918],[-0.952,-1.632],[0,-2.244],[0,0],[1.02,-1.666],[1.734,-0.918],[2.176,0],[0,0],[0,0]],"o":[[0,0],[0,0],[2.244,0],[1.734,0.884],[0.986,1.632],[0,0],[0,2.21],[-0.986,1.632],[-1.7,0.884],[0,0],[0,0],[0,0]],"v":[[-13.056,17.85],[-13.056,-17.85],[1.632,-17.85],[7.548,-16.473],[11.577,-12.699],[13.056,-6.885],[13.056,-6.171],[11.526,-0.357],[7.446,3.468],[1.632,4.794],[-6.324,4.794],[-6.324,17.85]],"c":true},"ix":2},"nm":"Path 2","mn":"ADBE Vector Shape - Group","hd":false},{"ty":"mm","mm":1,"nm":"Merge Paths 1","mn":"ADBE Vector Filter - Merge","hd":false},{"ty":"fl","c":{"a":0,"k":[0.250999989229,0.26699999641,0.685999971278,1],"ix":4},"o":{"a":0,"k":100,"ix":5},"r":1,"bm":0,"nm":"Fill 1","mn":"ADBE Vector Graphic - Fill","hd":false},{"ty":"tr","p":{"a":0,"k":[13.421,18.15],"ix":2},"a":{"a":0,"k":[0,0],"ix":1},"s":{"a":0,"k":[100,100],"ix":3},"r":{"a":0,"k":0,"ix":6},"o":{"a":0,"k":100,"ix":7},"sk":{"a":0,"k":0,"ix":4},"sa":{"a":0,"k":0,"ix":5},"nm":"Transform"}],"nm":"Group 7","np":4,"cix":2,"bm":0,"ix":7,"mn":"ADBE Vector Group","hd":false}],"ip":0,"op":90.0000036657751,"st":0,"bm":0},{"ddd":0,"ind":6,"ty":4,"nm":"Shape Layer 2","sr":1,"ks":{"o":{"a":0,"k":100,"ix":11},"r":{"a":0,"k":0,"ix":10},"p":{"a":0,"k":[160,284,0],"ix":2,"l":2},"a":{"a":0,"k":[0,0,0],"ix":1,"l":2},"s":{"a":0,"k":[352,608,100],"ix":6,"l":2}},"ao":0,"shapes":[{"ty":"rc","d":1,"s":{"a":0,"k":[100,100],"ix":2},"p":{"a":0,"k":[0,0],"ix":3},"r":{"a":0,"k":0,"ix":4},"nm":"Rectangle Path 1","mn":"ADBE Vector Shape - Rect","hd":false},{"ty":"fl","c":{"a":0,"k":[1,1,1,1],"ix":4},"o":{"a":0,"k":100,"ix":5},"r":1,"bm":0,"nm":"Fill 1","mn":"ADBE Vector Graphic - Fill","hd":false}],"ip":0,"op":90.0000036657751,"st":0,"bm":0}],"markers":[]}